graph_id,default_energy,default_cut,neural_energy,neural_cut,optimal_cut,default_approx_ratio,neural_approx_ratio
0,-12.768027886477144,12.768027886477144,-13.131529517325752,13.131529517325752,17,0.7510604639104203,0.7724429127838678
1,-9.18230084252403,9.18230084252403,-9.422167095287055,9.422167095287055,12,0.7651917368770026,0.7851805912739213
2,-16.50708291894289,16.50708291894289,-18.32211352718361,18.32211352718361,21,0.786051567568709,0.8724815965325529
3,-19.154602242424883,19.154602242424883,-20.008086615172182,20.008086615172182,24,0.7981084267677034,0.8336702756321742
