{
  "best_energy": 0.0010376713986125692,
  "optimal_energy": -0.004728751244237241,
  "energy_gap": 0.00576642264284981,
  "cvar": 0.001479946393579182,
  "params": [
    -1.6200070686491004,
    -0.28905172664288203,
    1.7969750830157423,
    0.11282346354926942
  ],
  "gate_counts": {
    "single_qubit": 0,
    "two_qubit": 12
  },
  "duration_sec": 0.002567768096923828
}