{
  "best_energy": -0.0025782349069772273,
  "optimal_energy": -0.004728751244237241,
  "energy_gap": 0.002150516337260014,
  "cvar": -0.0010602667524744031,
  "params": [
    -1.6200070686491004,
    -0.28905172664288203,
    1.7969750830157423,
    0.11282346354926942
  ],
  "gate_counts": {
    "single_qubit": 0,
    "two_qubit": 12
  },
  "duration_sec": 0.0023238658905029297
}