{
  "best_energy": -0.003101463729312151,
  "optimal_energy": -0.004728751244237241,
  "energy_gap": 0.0016272875149250902,
  "cvar": -0.002112403147378257,
  "params": [
    1.0381131828948476,
    1.526308895903728
  ],
  "duration_sec": 0.004891157150268555
}